solver_dp,problem_dp,Average Optimality Gap,gamma_1,gamma_2,eta_1,eta_2
0.0,0.0,-0.011930693466189548,1.5,0.5,0.1,0.8
1.0,0.0,-0.006730794162057773,1.1,0.3,0.5,0.7
2.0,0.0,-0.01145755755352864,1.3,0.5,0.1,0.6
3.0,0.0,-0.0105133569869217,1.4,0.6,0.2,0.9
4.0,0.0,0.6325594967236634,2.5,0.9,0.3,0.6
5.0,0.0,0.02059655426831631,3.0,0.4,0.3,0.8
6.0,0.0,0.002667531118237549,2.3,0.3,0.5,0.6
7.0,0.0,0.10018656071713225,2.1,0.8,0.4,0.9
8.0,0.0,-0.01464667783428926,2.0,0.5,0.3,0.7
9.0,0.0,0.003895893761954451,2.4,0.1,0.2,0.8
10.0,0.0,0.28502682612219704,2.9,0.7,0.2,0.7
11.0,0.0,0.087968183167113,2.8,0.6,0.5,0.8
12.0,0.0,-0.004317247065690889,2.6,0.4,0.4,0.5
13.0,0.0,-0.013776481805624402,1.5,0.2,0.3,0.9
14.0,0.0,-0.010571791950956722,1.0,0.7,0.4,0.6
15.0,0.0,0.026652129569104854,1.8,0.8,0.1,0.8
16.0,0.0,-0.01281745464626326,1.9,0.2,0.2,0.5
0.0,1.0,-0.01023794526837507,1.5,0.5,0.1,0.8
1.0,1.0,-0.003988091138675237,1.1,0.3,0.5,0.7
2.0,1.0,-0.011698311672075312,1.3,0.5,0.1,0.6
3.0,1.0,-0.013078764236185536,1.4,0.6,0.2,0.9
4.0,1.0,0.8716140020634334,2.5,0.9,0.3,0.6
5.0,1.0,-0.01145475799961297,3.0,0.4,0.3,0.8
6.0,1.0,-0.0034300764469758797,2.3,0.3,0.5,0.6
7.0,1.0,0.08240937185915354,2.1,0.8,0.4,0.9
8.0,1.0,-0.00799540393438481,2.0,0.5,0.3,0.7
9.0,1.0,0.0025571709409451795,2.4,0.1,0.2,0.8
10.0,1.0,0.4964649275786986,2.9,0.7,0.2,0.7
11.0,1.0,0.19646234300883209,2.8,0.6,0.5,0.8
12.0,1.0,-0.0060133611119760925,2.6,0.4,0.4,0.5
13.0,1.0,-0.008763114268711769,1.5,0.2,0.3,0.9
14.0,1.0,0.015969531130529853,1.0,0.7,0.4,0.6
15.0,1.0,0.05759966518803913,1.8,0.8,0.1,0.8
16.0,1.0,-0.0049106442611632,1.9,0.2,0.2,0.5
0.0,2.0,-0.0080723724457167,1.5,0.5,0.1,0.8
1.0,2.0,0.22085367819850327,1.1,0.3,0.5,0.7
2.0,2.0,-0.0020780746247077804,1.3,0.5,0.1,0.6
3.0,2.0,-0.009371954079613378,1.4,0.6,0.2,0.9
4.0,2.0,0.880052917465959,2.5,0.9,0.3,0.6
5.0,2.0,0.0007417218126066197,3.0,0.4,0.3,0.8
6.0,2.0,-0.00963984132746527,2.3,0.3,0.5,0.6
7.0,2.0,0.282831290818007,2.1,0.8,0.4,0.9
8.0,2.0,-0.0019440459891888098,2.0,0.5,0.3,0.7
9.0,2.0,0.02649705881777331,2.4,0.1,0.2,0.8
10.0,2.0,0.4664279045958244,2.9,0.7,0.2,0.7
11.0,2.0,0.0029421297648927302,2.8,0.6,0.5,0.8
12.0,2.0,0.05562489938626467,2.6,0.4,0.4,0.5
13.0,2.0,0.05101670985298705,1.5,0.2,0.3,0.9
14.0,2.0,0.2293723089472238,1.0,0.7,0.4,0.6
15.0,2.0,0.37128559818130646,1.8,0.8,0.1,0.8
16.0,2.0,-0.006739904376230195,1.9,0.2,0.2,0.5
0.0,3.0,-0.01062975931473321,1.5,0.5,0.1,0.8
1.0,3.0,0.03199608502438304,1.1,0.3,0.5,0.7
2.0,3.0,-0.007198961618179789,1.3,0.5,0.1,0.6
3.0,3.0,-0.00823656643335822,1.4,0.6,0.2,0.9
4.0,3.0,0.8753957625117508,2.5,0.9,0.3,0.6
5.0,3.0,0.029950613499788288,3.0,0.4,0.3,0.8
6.0,3.0,0.003185801774309159,2.3,0.3,0.5,0.6
7.0,3.0,0.2602892941340591,2.1,0.8,0.4,0.9
8.0,3.0,-0.00767596508660129,2.0,0.5,0.3,0.7
9.0,3.0,0.030313395500446982,2.4,0.1,0.2,0.8
10.0,3.0,0.3037389824619753,2.9,0.7,0.2,0.7
11.0,3.0,0.04680751048621777,2.8,0.6,0.5,0.8
12.0,3.0,0.0150359376721047,2.6,0.4,0.4,0.5
13.0,3.0,0.31442487981041595,1.5,0.2,0.3,0.9
14.0,3.0,0.15687008556672713,1.0,0.7,0.4,0.6
15.0,3.0,0.014424857300151186,1.8,0.8,0.1,0.8
16.0,3.0,-0.00016338472323636032,1.9,0.2,0.2,0.5
0.0,4.0,-0.00191517672379432,1.5,0.5,0.1,0.8
1.0,4.0,-0.007147269087316189,1.1,0.3,0.5,0.7
2.0,4.0,-0.01029275614268851,1.3,0.5,0.1,0.6
3.0,4.0,-0.014228166646932269,1.4,0.6,0.2,0.9
4.0,4.0,0.6757237768063198,2.5,0.9,0.3,0.6
5.0,4.0,-0.009085208165680021,3.0,0.4,0.3,0.8
6.0,4.0,-0.00775526867710319,2.3,0.3,0.5,0.6
7.0,4.0,0.22304369061421542,2.1,0.8,0.4,0.9
8.0,4.0,-0.01325465118305908,2.0,0.5,0.3,0.7
9.0,4.0,0.041654240374735155,2.4,0.1,0.2,0.8
10.0,4.0,0.2419135330943108,2.9,0.7,0.2,0.7
11.0,4.0,0.2371238623240047,2.8,0.6,0.5,0.8
12.0,4.0,-0.006050503307797659,2.6,0.4,0.4,0.5
13.0,4.0,-0.01310487805198328,1.5,0.2,0.3,0.9
14.0,4.0,0.014898286297774645,1.0,0.7,0.4,0.6
15.0,4.0,0.08460211138310879,1.8,0.8,0.1,0.8
16.0,4.0,-0.014254673479640208,1.9,0.2,0.2,0.5
0.0,5.0,-0.01133041955632373,1.5,0.5,0.1,0.8
1.0,5.0,0.04418008683984737,1.1,0.3,0.5,0.7
2.0,5.0,-0.011338075777847753,1.3,0.5,0.1,0.6
3.0,5.0,-0.0024906177364790003,1.4,0.6,0.2,0.9
4.0,5.0,0.762254722539062,2.5,0.9,0.3,0.6
5.0,5.0,0.0036595134744831907,3.0,0.4,0.3,0.8
6.0,5.0,0.07257905902782344,2.3,0.3,0.5,0.6
7.0,5.0,0.05879252669523309,2.1,0.8,0.4,0.9
8.0,5.0,0.01465425045058441,2.0,0.5,0.3,0.7
9.0,5.0,0.12042556583173036,2.4,0.1,0.2,0.8
10.0,5.0,0.181450862690818,2.9,0.7,0.2,0.7
11.0,5.0,0.20734624069584534,2.8,0.6,0.5,0.8
12.0,5.0,0.04768387195900988,2.6,0.4,0.4,0.5
13.0,5.0,0.0635784336111033,1.5,0.2,0.3,0.9
14.0,5.0,0.061217928419796765,1.0,0.7,0.4,0.6
15.0,5.0,0.34555016846938347,1.8,0.8,0.1,0.8
16.0,5.0,-9.239121761490943e-05,1.9,0.2,0.2,0.5
0.0,6.0,-0.0035347796880391196,1.5,0.5,0.1,0.8
1.0,6.0,0.16100371393913662,1.1,0.3,0.5,0.7
2.0,6.0,-0.00990186869242846,1.3,0.5,0.1,0.6
3.0,6.0,-0.009092267590343319,1.4,0.6,0.2,0.9
4.0,6.0,0.8069379715615963,2.5,0.9,0.3,0.6
5.0,6.0,0.1161736514854933,3.0,0.4,0.3,0.8
6.0,6.0,0.017099879325786112,2.3,0.3,0.5,0.6
7.0,6.0,0.07272401253116231,2.1,0.8,0.4,0.9
8.0,6.0,0.0055615595972326815,2.0,0.5,0.3,0.7
9.0,6.0,0.10576582917523922,2.4,0.1,0.2,0.8
10.0,6.0,0.4479584104853235,2.9,0.7,0.2,0.7
11.0,6.0,0.2249965432719562,2.8,0.6,0.5,0.8
12.0,6.0,-0.00243575178172577,2.6,0.4,0.4,0.5
13.0,6.0,0.03138899887006723,1.5,0.2,0.3,0.9
14.0,6.0,0.11423425926798873,1.0,0.7,0.4,0.6
15.0,6.0,0.04875762357091276,1.8,0.8,0.1,0.8
16.0,6.0,0.0004437971526871901,1.9,0.2,0.2,0.5
0.0,7.0,-0.010301476082621074,1.5,0.5,0.1,0.8
1.0,7.0,0.12475774697055604,1.1,0.3,0.5,0.7
2.0,7.0,-0.014805575940668142,1.3,0.5,0.1,0.6
3.0,7.0,-0.018001658024460552,1.4,0.6,0.2,0.9
4.0,7.0,0.33456705352584526,2.5,0.9,0.3,0.6
5.0,7.0,-0.0027454521296972007,3.0,0.4,0.3,0.8
6.0,7.0,0.07998221768748963,2.3,0.3,0.5,0.6
7.0,7.0,0.26559428900112614,2.1,0.8,0.4,0.9
8.0,7.0,-0.015554154069943852,2.0,0.5,0.3,0.7
9.0,7.0,0.029827396577117193,2.4,0.1,0.2,0.8
10.0,7.0,0.2620539156565235,2.9,0.7,0.2,0.7
11.0,7.0,0.2701220114931678,2.8,0.6,0.5,0.8
12.0,7.0,-0.00042617541655798964,2.6,0.4,0.4,0.5
13.0,7.0,-0.001934763114776501,1.5,0.2,0.3,0.9
14.0,7.0,0.12499828239223088,1.0,0.7,0.4,0.6
15.0,7.0,0.09901186193187242,1.8,0.8,0.1,0.8
16.0,7.0,0.025409778520210518,1.9,0.2,0.2,0.5
0.0,8.0,-0.0136552584683816,1.5,0.5,0.1,0.8
1.0,8.0,0.0027404147425627193,1.1,0.3,0.5,0.7
2.0,8.0,-0.0028903933811328026,1.3,0.5,0.1,0.6
3.0,8.0,-0.015188178095015983,1.4,0.6,0.2,0.9
4.0,8.0,0.4578370210467512,2.5,0.9,0.3,0.6
5.0,8.0,0.08422838900505784,3.0,0.4,0.3,0.8
6.0,8.0,-0.010613740951773828,2.3,0.3,0.5,0.6
7.0,8.0,0.23698800845473836,2.1,0.8,0.4,0.9
8.0,8.0,-0.014511776439885452,2.0,0.5,0.3,0.7
9.0,8.0,-0.0110171481521191,2.4,0.1,0.2,0.8
10.0,8.0,0.274383258612001,2.9,0.7,0.2,0.7
11.0,8.0,-0.0023823979265831397,2.8,0.6,0.5,0.8
12.0,8.0,-0.01217837568125036,2.6,0.4,0.4,0.5
13.0,8.0,-0.01038456514272186,1.5,0.2,0.3,0.9
14.0,8.0,0.035544689334122394,1.0,0.7,0.4,0.6
15.0,8.0,0.024908562546129866,1.8,0.8,0.1,0.8
16.0,8.0,-0.013987193809936321,1.9,0.2,0.2,0.5
0.0,9.0,-0.016684781585683157,1.5,0.5,0.1,0.8
1.0,9.0,-0.005966991005564711,1.1,0.3,0.5,0.7
2.0,9.0,-0.01564586063193142,1.3,0.5,0.1,0.6
3.0,9.0,-0.013990161248621411,1.4,0.6,0.2,0.9
4.0,9.0,0.3743605206963026,2.5,0.9,0.3,0.6
5.0,9.0,-0.012560533109122002,3.0,0.4,0.3,0.8
6.0,9.0,-0.006103795213084688,2.3,0.3,0.5,0.6
7.0,9.0,0.14542661342913885,2.1,0.8,0.4,0.9
8.0,9.0,-0.01659955040901128,2.0,0.5,0.3,0.7
9.0,9.0,-0.009479820504295158,2.4,0.1,0.2,0.8
10.0,9.0,0.277320590471031,2.9,0.7,0.2,0.7
11.0,9.0,0.06987683993244875,2.8,0.6,0.5,0.8
12.0,9.0,0.00759885756321437,2.6,0.4,0.4,0.5
13.0,9.0,-0.01119011033144573,1.5,0.2,0.3,0.9
14.0,9.0,0.07741515671637353,1.0,0.7,0.4,0.6
15.0,9.0,0.1263252422590885,1.8,0.8,0.1,0.8
16.0,9.0,-0.015630831790959095,1.9,0.2,0.2,0.5
0.0,10.0,-0.01685904234504105,1.5,0.5,0.1,0.8
1.0,10.0,0.04213738519129555,1.1,0.3,0.5,0.7
2.0,10.0,-0.0154454337582142,1.3,0.5,0.1,0.6
3.0,10.0,-0.015397175845483429,1.4,0.6,0.2,0.9
4.0,10.0,0.6961871909959119,2.5,0.9,0.3,0.6
5.0,10.0,-0.01068820307006629,3.0,0.4,0.3,0.8
6.0,10.0,-0.008852536872341752,2.3,0.3,0.5,0.6
7.0,10.0,0.446621470706857,2.1,0.8,0.4,0.9
8.0,10.0,-0.013472782685406252,2.0,0.5,0.3,0.7
9.0,10.0,0.07982642337109322,2.4,0.1,0.2,0.8
10.0,10.0,0.08432594399571296,2.9,0.7,0.2,0.7
11.0,10.0,0.034252419367418234,2.8,0.6,0.5,0.8
12.0,10.0,0.00103840067347216,2.6,0.4,0.4,0.5
13.0,10.0,0.0032348475493479112,1.5,0.2,0.3,0.9
14.0,10.0,0.1026234932317404,1.0,0.7,0.4,0.6
15.0,10.0,0.10312705601775925,1.8,0.8,0.1,0.8
16.0,10.0,-0.00731081508769686,1.9,0.2,0.2,0.5
0.0,11.0,-0.00786155509154694,1.5,0.5,0.1,0.8
1.0,11.0,0.2940190740198588,1.1,0.3,0.5,0.7
2.0,11.0,-0.0114579706240743,1.3,0.5,0.1,0.6
3.0,11.0,-0.01209075476450453,1.4,0.6,0.2,0.9
4.0,11.0,0.4471449390019542,2.5,0.9,0.3,0.6
5.0,11.0,0.006264943549725439,3.0,0.4,0.3,0.8
6.0,11.0,-0.011482498716392951,2.3,0.3,0.5,0.6
7.0,11.0,0.3070974258150186,2.1,0.8,0.4,0.9
8.0,11.0,-0.00498141252321473,2.0,0.5,0.3,0.7
9.0,11.0,0.1068498538525657,2.4,0.1,0.2,0.8
10.0,11.0,0.36371824616731396,2.9,0.7,0.2,0.7
11.0,11.0,0.023878456552272612,2.8,0.6,0.5,0.8
12.0,11.0,0.01664632113319969,2.6,0.4,0.4,0.5
13.0,11.0,0.025780285874717236,1.5,0.2,0.3,0.9
14.0,11.0,0.3526298512735594,1.0,0.7,0.4,0.6
15.0,11.0,0.04654656068584286,1.8,0.8,0.1,0.8
16.0,11.0,-0.00265279100238103,1.9,0.2,0.2,0.5
0.0,12.0,-0.015039922624653018,1.5,0.5,0.1,0.8
1.0,12.0,-0.009065259106958521,1.1,0.3,0.5,0.7
2.0,12.0,-0.01463991209934935,1.3,0.5,0.1,0.6
3.0,12.0,-0.014125274439031471,1.4,0.6,0.2,0.9
4.0,12.0,0.45104374205076087,2.5,0.9,0.3,0.6
5.0,12.0,0.00612960401104046,3.0,0.4,0.3,0.8
6.0,12.0,-0.0072795457649539,2.3,0.3,0.5,0.6
7.0,12.0,0.13475830659006963,2.1,0.8,0.4,0.9
8.0,12.0,-0.015011408189219222,2.0,0.5,0.3,0.7
9.0,12.0,0.005840990697884009,2.4,0.1,0.2,0.8
10.0,12.0,0.33959045467287413,2.9,0.7,0.2,0.7
11.0,12.0,0.010937907399197618,2.8,0.6,0.5,0.8
12.0,12.0,0.0040990111844635396,2.6,0.4,0.4,0.5
13.0,12.0,-0.011987844961081632,1.5,0.2,0.3,0.9
14.0,12.0,0.04988510609947432,1.0,0.7,0.4,0.6
15.0,12.0,-0.0071854391843923894,1.8,0.8,0.1,0.8
16.0,12.0,-0.01198579620339385,1.9,0.2,0.2,0.5
0.0,13.0,-0.015266759426413451,1.5,0.5,0.1,0.8
1.0,13.0,0.1603254953040641,1.1,0.3,0.5,0.7
2.0,13.0,-0.01603516483565793,1.3,0.5,0.1,0.6
3.0,13.0,-0.01102319369264702,1.4,0.6,0.2,0.9
4.0,13.0,0.9784590923722364,2.5,0.9,0.3,0.6
5.0,13.0,0.01692666131630713,3.0,0.4,0.3,0.8
6.0,13.0,0.11355358973366707,2.3,0.3,0.5,0.6
7.0,13.0,0.08331689201738164,2.1,0.8,0.4,0.9
8.0,13.0,-0.015713417143633557,2.0,0.5,0.3,0.7
9.0,13.0,0.09947833901644965,2.4,0.1,0.2,0.8
10.0,13.0,0.2275419920123575,2.9,0.7,0.2,0.7
11.0,13.0,0.09743253216216394,2.8,0.6,0.5,0.8
12.0,13.0,0.07557494612452928,2.6,0.4,0.4,0.5
13.0,13.0,0.038183774296011795,1.5,0.2,0.3,0.9
14.0,13.0,0.1185501476604531,1.0,0.7,0.4,0.6
15.0,13.0,0.012831323241869289,1.8,0.8,0.1,0.8
16.0,13.0,0.00019653466253110146,1.9,0.2,0.2,0.5
0.0,14.0,-0.014001274072566511,1.5,0.5,0.1,0.8
1.0,14.0,0.08190916767695997,1.1,0.3,0.5,0.7
2.0,14.0,-0.01321099358226443,1.3,0.5,0.1,0.6
3.0,14.0,-0.01322625703279719,1.4,0.6,0.2,0.9
4.0,14.0,0.5296167692806344,2.5,0.9,0.3,0.6
5.0,14.0,0.01624194968188569,3.0,0.4,0.3,0.8
6.0,14.0,0.008586227334541941,2.3,0.3,0.5,0.6
7.0,14.0,0.2707783265038584,2.1,0.8,0.4,0.9
8.0,14.0,-0.00982626381070514,2.0,0.5,0.3,0.7
9.0,14.0,0.0024032707272878214,2.4,0.1,0.2,0.8
10.0,14.0,0.36200600940715827,2.9,0.7,0.2,0.7
11.0,14.0,-0.0011567953348203413,2.8,0.6,0.5,0.8
12.0,14.0,0.004539618152427329,2.6,0.4,0.4,0.5
13.0,14.0,0.024412166075075924,1.5,0.2,0.3,0.9
14.0,14.0,0.11140581779506883,1.0,0.7,0.4,0.6
15.0,14.0,0.1173894101470236,1.8,0.8,0.1,0.8
16.0,14.0,-0.00881631184215032,1.9,0.2,0.2,0.5
0.0,15.0,-0.012690065458635491,1.5,0.5,0.1,0.8
1.0,15.0,0.07837088799836552,1.1,0.3,0.5,0.7
2.0,15.0,-0.00832378477577561,1.3,0.5,0.1,0.6
3.0,15.0,-0.0113981874426584,1.4,0.6,0.2,0.9
4.0,15.0,0.5092547383880767,2.5,0.9,0.3,0.6
5.0,15.0,0.0005139443614948204,3.0,0.4,0.3,0.8
6.0,15.0,0.014561211956442133,2.3,0.3,0.5,0.6
7.0,15.0,0.09098082810240812,2.1,0.8,0.4,0.9
8.0,15.0,0.021743162832294383,2.0,0.5,0.3,0.7
9.0,15.0,0.02460796135154436,2.4,0.1,0.2,0.8
10.0,15.0,0.12244676756334127,2.9,0.7,0.2,0.7
11.0,15.0,0.03862454471687343,2.8,0.6,0.5,0.8
12.0,15.0,0.1287699677398581,2.6,0.4,0.4,0.5
13.0,15.0,0.01801315425427916,1.5,0.2,0.3,0.9
14.0,15.0,0.03077269325906983,1.0,0.7,0.4,0.6
15.0,15.0,0.15675631042143806,1.8,0.8,0.1,0.8
16.0,15.0,-0.005561148039556501,1.9,0.2,0.2,0.5
0.0,16.0,-0.0114477612345894,1.5,0.5,0.1,0.8
1.0,16.0,-0.005433252935768959,1.1,0.3,0.5,0.7
2.0,16.0,-0.011650598911402119,1.3,0.5,0.1,0.6
3.0,16.0,-0.010588971979101669,1.4,0.6,0.2,0.9
4.0,16.0,0.9561181561387488,2.5,0.9,0.3,0.6
5.0,16.0,0.12739224888543954,3.0,0.4,0.3,0.8
6.0,16.0,-0.011534385133618569,2.3,0.3,0.5,0.6
7.0,16.0,0.14228566263665934,2.1,0.8,0.4,0.9
8.0,16.0,-0.012258250148713328,2.0,0.5,0.3,0.7
9.0,16.0,0.016988532551914605,2.4,0.1,0.2,0.8
10.0,16.0,0.3139280669685446,2.9,0.7,0.2,0.7
11.0,16.0,0.03889032947552813,2.8,0.6,0.5,0.8
12.0,16.0,0.034169653660195594,2.6,0.4,0.4,0.5
13.0,16.0,-0.00931577561576206,1.5,0.2,0.3,0.9
14.0,16.0,0.03697789795353434,1.0,0.7,0.4,0.6
15.0,16.0,0.04263084195319213,1.8,0.8,0.1,0.8
16.0,16.0,-0.009900875845423878,1.9,0.2,0.2,0.5
0.0,17.0,-0.017840998141442972,1.5,0.5,0.1,0.8
1.0,17.0,-0.011501898048475661,1.1,0.3,0.5,0.7
2.0,17.0,-0.01609056709587622,1.3,0.5,0.1,0.6
3.0,17.0,-0.01609108437726912,1.4,0.6,0.2,0.9
4.0,17.0,0.44540431429917426,2.5,0.9,0.3,0.6
5.0,17.0,-0.01658462710639871,3.0,0.4,0.3,0.8
6.0,17.0,-0.005014369690151369,2.3,0.3,0.5,0.6
7.0,17.0,0.06895457017070605,2.1,0.8,0.4,0.9
8.0,17.0,-0.012848961814428999,2.0,0.5,0.3,0.7
9.0,17.0,-0.0038573414467386706,2.4,0.1,0.2,0.8
10.0,17.0,0.15633831759063727,2.9,0.7,0.2,0.7
11.0,17.0,0.13415847121370655,2.8,0.6,0.5,0.8
12.0,17.0,-0.0125560502705851,2.6,0.4,0.4,0.5
13.0,17.0,-0.01643217856255207,1.5,0.2,0.3,0.9
14.0,17.0,0.03531570880325666,1.0,0.7,0.4,0.6
15.0,17.0,0.05010312591572062,1.8,0.8,0.1,0.8
16.0,17.0,-0.011136723631080989,1.9,0.2,0.2,0.5
0.0,18.0,-0.01495338989917597,1.5,0.5,0.1,0.8
1.0,18.0,0.03225177787490596,1.1,0.3,0.5,0.7
2.0,18.0,-0.014093911361676809,1.3,0.5,0.1,0.6
3.0,18.0,-0.01643805118383245,1.4,0.6,0.2,0.9
4.0,18.0,0.5960845317967552,2.5,0.9,0.3,0.6
5.0,18.0,-0.00775870395951545,3.0,0.4,0.3,0.8
6.0,18.0,-0.014800192856011668,2.3,0.3,0.5,0.6
7.0,18.0,0.08067055417340074,2.1,0.8,0.4,0.9
8.0,18.0,-0.009404394430246208,2.0,0.5,0.3,0.7
9.0,18.0,-0.0026181453204849204,2.4,0.1,0.2,0.8
10.0,18.0,0.23668658037365145,2.9,0.7,0.2,0.7
11.0,18.0,0.04805715799781356,2.8,0.6,0.5,0.8
12.0,18.0,0.029705189180027743,2.6,0.4,0.4,0.5
13.0,18.0,-0.010397047419038869,1.5,0.2,0.3,0.9
14.0,18.0,0.02118410534205146,1.0,0.7,0.4,0.6
15.0,18.0,0.02044050122287759,1.8,0.8,0.1,0.8
16.0,18.0,-0.00445470965928311,1.9,0.2,0.2,0.5
0.0,19.0,-0.03281969131841138,1.5,0.5,0.1,0.8
1.0,19.0,-0.026383747398244194,1.1,0.3,0.5,0.7
2.0,19.0,-0.03414606741126008,1.3,0.5,0.1,0.6
3.0,19.0,-0.03370783550335496,1.4,0.6,0.2,0.9
4.0,19.0,0.5000173767009309,2.5,0.9,0.3,0.6
5.0,19.0,-0.03552753240168348,3.0,0.4,0.3,0.8
6.0,19.0,0.053446987754978234,2.3,0.3,0.5,0.6
7.0,19.0,0.10379925014527736,2.1,0.8,0.4,0.9
8.0,19.0,-0.03858269841186576,2.0,0.5,0.3,0.7
9.0,19.0,0.06333987404352269,2.4,0.1,0.2,0.8
10.0,19.0,0.2958777755398635,2.9,0.7,0.2,0.7
11.0,19.0,-0.0037670525801277812,2.8,0.6,0.5,0.8
12.0,19.0,0.11560605970708193,2.6,0.4,0.4,0.5
13.0,19.0,-0.033148575195050344,1.5,0.2,0.3,0.9
14.0,19.0,-0.01095592031353484,1.0,0.7,0.4,0.6
15.0,19.0,0.32994595782562885,1.8,0.8,0.1,0.8
16.0,19.0,0.12057892303233113,1.9,0.2,0.2,0.5
0.0,20.0,-0.03484353794433311,1.5,0.5,0.1,0.8
1.0,20.0,-0.016310763288413518,1.1,0.3,0.5,0.7
2.0,20.0,-0.0393014027336279,1.3,0.5,0.1,0.6
3.0,20.0,-0.036330284225169276,1.4,0.6,0.2,0.9
4.0,20.0,0.30065012684043946,2.5,0.9,0.3,0.6
5.0,20.0,-0.031338432086379646,3.0,0.4,0.3,0.8
6.0,20.0,-0.03572969759178221,2.3,0.3,0.5,0.6
7.0,20.0,0.25969860076060336,2.1,0.8,0.4,0.9
8.0,20.0,-0.037110046957085,2.0,0.5,0.3,0.7
9.0,20.0,0.018835465987460238,2.4,0.1,0.2,0.8
10.0,20.0,0.35370235323961957,2.9,0.7,0.2,0.7
11.0,20.0,0.16598012941807344,2.8,0.6,0.5,0.8
12.0,20.0,-0.02146740590447832,2.6,0.4,0.4,0.5
13.0,20.0,-0.041347478040370124,1.5,0.2,0.3,0.9
14.0,20.0,-0.013105578933282961,1.0,0.7,0.4,0.6
15.0,20.0,0.05469792849605062,1.8,0.8,0.1,0.8
16.0,20.0,0.15380965224358767,1.9,0.2,0.2,0.5
0.0,21.0,-0.013103075858361509,1.5,0.5,0.1,0.8
1.0,21.0,0.005558489117467519,1.1,0.3,0.5,0.7
2.0,21.0,-0.014082155818420488,1.3,0.5,0.1,0.6
3.0,21.0,-0.01259672144130348,1.4,0.6,0.2,0.9
4.0,21.0,0.6491771991798144,2.5,0.9,0.3,0.6
5.0,21.0,0.019902256015117088,3.0,0.4,0.3,0.8
6.0,21.0,-0.01216179827877559,2.3,0.3,0.5,0.6
7.0,21.0,0.043963285951485506,2.1,0.8,0.4,0.9
8.0,21.0,-0.006344539380868189,2.0,0.5,0.3,0.7
9.0,21.0,-0.006822046346112111,2.4,0.1,0.2,0.8
10.0,21.0,-0.004298645032703409,2.9,0.7,0.2,0.7
11.0,21.0,0.015958615338137562,2.8,0.6,0.5,0.8
12.0,21.0,-0.00889683284719243,2.6,0.4,0.4,0.5
13.0,21.0,-0.00549083824245953,1.5,0.2,0.3,0.9
14.0,21.0,0.045458301496876914,1.0,0.7,0.4,0.6
15.0,21.0,0.14130897955115035,1.8,0.8,0.1,0.8
16.0,21.0,-0.01402755348437017,1.9,0.2,0.2,0.5
0.0,22.0,-0.016604287092957897,1.5,0.5,0.1,0.8
1.0,22.0,-0.00927697306622024,1.1,0.3,0.5,0.7
2.0,22.0,-0.01694879889476367,1.3,0.5,0.1,0.6
3.0,22.0,-0.016559334771506052,1.4,0.6,0.2,0.9
4.0,22.0,0.6640381154123907,2.5,0.9,0.3,0.6
5.0,22.0,0.0030816432715844284,3.0,0.4,0.3,0.8
6.0,22.0,-0.017561723159544913,2.3,0.3,0.5,0.6
7.0,22.0,0.07543326927719318,2.1,0.8,0.4,0.9
8.0,22.0,-0.01407431830967983,2.0,0.5,0.3,0.7
9.0,22.0,-0.013496370684006317,2.4,0.1,0.2,0.8
10.0,22.0,0.13867794400309194,2.9,0.7,0.2,0.7
11.0,22.0,0.005545105180911099,2.8,0.6,0.5,0.8
12.0,22.0,0.10392142545408974,2.6,0.4,0.4,0.5
13.0,22.0,-0.011919801817953851,1.5,0.2,0.3,0.9
14.0,22.0,0.03694587812811627,1.0,0.7,0.4,0.6
15.0,22.0,0.00616688738435124,1.8,0.8,0.1,0.8
16.0,22.0,-0.013566252095976419,1.9,0.2,0.2,0.5
0.0,23.0,-0.0304975097686472,1.5,0.5,0.1,0.8
1.0,23.0,-0.03287163947061773,1.1,0.3,0.5,0.7
2.0,23.0,-0.02940970337418719,1.3,0.5,0.1,0.6
3.0,23.0,-0.033200169423359335,1.4,0.6,0.2,0.9
4.0,23.0,0.8263676144204142,2.5,0.9,0.3,0.6
5.0,23.0,-0.029545172660768178,3.0,0.4,0.3,0.8
6.0,23.0,-0.026018510734415946,2.3,0.3,0.5,0.6
7.0,23.0,0.02357002652284306,2.1,0.8,0.4,0.9
8.0,23.0,0.02749830599862218,2.0,0.5,0.3,0.7
9.0,23.0,0.44398938528543014,2.4,0.1,0.2,0.8
10.0,23.0,0.3342504800579393,2.9,0.7,0.2,0.7
11.0,23.0,0.01865170836211831,2.8,0.6,0.5,0.8
12.0,23.0,0.025759645054120085,2.6,0.4,0.4,0.5
13.0,23.0,-0.03258061966261517,1.5,0.2,0.3,0.9
14.0,23.0,-6.53760086665095e-05,1.0,0.7,0.4,0.6
15.0,23.0,0.103928913999388,1.8,0.8,0.1,0.8
16.0,23.0,0.012575331617645832,1.9,0.2,0.2,0.5
0.0,24.0,-0.032845664866617316,1.5,0.5,0.1,0.8
1.0,24.0,-0.03353745385627317,1.1,0.3,0.5,0.7
2.0,24.0,-0.03341204611520791,1.3,0.5,0.1,0.6
3.0,24.0,-0.03025413714904416,1.4,0.6,0.2,0.9
4.0,24.0,0.6560801714298372,2.5,0.9,0.3,0.6
5.0,24.0,0.016411728567509,3.0,0.4,0.3,0.8
6.0,24.0,-0.030154849276389555,2.3,0.3,0.5,0.6
7.0,24.0,0.16969223247363216,2.1,0.8,0.4,0.9
8.0,24.0,-0.03156749812260825,2.0,0.5,0.3,0.7
9.0,24.0,0.3215261435189346,2.4,0.1,0.2,0.8
10.0,24.0,0.15277025187927123,2.9,0.7,0.2,0.7
11.0,24.0,0.023124056616729192,2.8,0.6,0.5,0.8
12.0,24.0,-0.030209740471312724,2.6,0.4,0.4,0.5
13.0,24.0,-0.03143537437140894,1.5,0.2,0.3,0.9
14.0,24.0,-0.0062891788168174005,1.0,0.7,0.4,0.6
15.0,24.0,0.16809417512599048,1.8,0.8,0.1,0.8
16.0,24.0,-0.029214913511694796,1.9,0.2,0.2,0.5
0.0,25.0,-0.012182561572391861,1.5,0.5,0.1,0.8
1.0,25.0,0.13511580051631564,1.1,0.3,0.5,0.7
2.0,25.0,-0.00855145741660669,1.3,0.5,0.1,0.6
3.0,25.0,-0.01166085420744626,1.4,0.6,0.2,0.9
4.0,25.0,0.7587726768276084,2.5,0.9,0.3,0.6
5.0,25.0,0.15972307284676618,3.0,0.4,0.3,0.8
6.0,25.0,-0.00858887059423225,2.3,0.3,0.5,0.6
7.0,25.0,0.02792348586137309,2.1,0.8,0.4,0.9
8.0,25.0,-0.01010859742884402,2.0,0.5,0.3,0.7
9.0,25.0,-0.0010170921508029303,2.4,0.1,0.2,0.8
10.0,25.0,0.2596538381002849,2.9,0.7,0.2,0.7
11.0,25.0,-0.0020428417424968597,2.8,0.6,0.5,0.8
12.0,25.0,0.010381184014834802,2.6,0.4,0.4,0.5
13.0,25.0,-0.011276868668586463,1.5,0.2,0.3,0.9
14.0,25.0,0.0450307420237655,1.0,0.7,0.4,0.6
15.0,25.0,0.09965456640245261,1.8,0.8,0.1,0.8
16.0,25.0,-0.003513570766405029,1.9,0.2,0.2,0.5
0.0,26.0,-0.0107674821278402,1.5,0.5,0.1,0.8
1.0,26.0,-0.00893010192986199,1.1,0.3,0.5,0.7
2.0,26.0,-0.00940566358189556,1.3,0.5,0.1,0.6
3.0,26.0,-0.01052934655725053,1.4,0.6,0.2,0.9
4.0,26.0,0.8040964091403054,2.5,0.9,0.3,0.6
5.0,26.0,-0.00307596870294475,3.0,0.4,0.3,0.8
6.0,26.0,-0.00673825194972944,2.3,0.3,0.5,0.6
7.0,26.0,0.33941282201159734,2.1,0.8,0.4,0.9
8.0,26.0,-0.00879646155084595,2.0,0.5,0.3,0.7
9.0,26.0,0.11052421791018693,2.4,0.1,0.2,0.8
10.0,26.0,0.28163434376682833,2.9,0.7,0.2,0.7
11.0,26.0,0.21206783054040407,2.8,0.6,0.5,0.8
12.0,26.0,-0.004814509733511394,2.6,0.4,0.4,0.5
13.0,26.0,-0.008558445664017294,1.5,0.2,0.3,0.9
14.0,26.0,0.01274994885586267,1.0,0.7,0.4,0.6
15.0,26.0,0.015947191296442,1.8,0.8,0.1,0.8
16.0,26.0,-0.00927627994598364,1.9,0.2,0.2,0.5
0.0,27.0,-0.01260200911802086,1.5,0.5,0.1,0.8
1.0,27.0,0.016338388863380522,1.1,0.3,0.5,0.7
2.0,27.0,-0.01387300548974732,1.3,0.5,0.1,0.6
3.0,27.0,-0.014672902242906991,1.4,0.6,0.2,0.9
4.0,27.0,0.22280291480838774,2.5,0.9,0.3,0.6
5.0,27.0,-0.01243589395437722,3.0,0.4,0.3,0.8
6.0,27.0,-0.010159431890373572,2.3,0.3,0.5,0.6
7.0,27.0,0.1344339786526409,2.1,0.8,0.4,0.9
8.0,27.0,-0.011671452720975029,2.0,0.5,0.3,0.7
9.0,27.0,-0.0054268702809358,2.4,0.1,0.2,0.8
10.0,27.0,0.3877447821203899,2.9,0.7,0.2,0.7
11.0,27.0,0.02048230635085148,2.8,0.6,0.5,0.8
12.0,27.0,-0.0145546843198768,2.6,0.4,0.4,0.5
13.0,27.0,-0.00776732709978178,1.5,0.2,0.3,0.9
14.0,27.0,0.07009913386534403,1.0,0.7,0.4,0.6
15.0,27.0,0.1234464948750608,1.8,0.8,0.1,0.8
16.0,27.0,-0.015109226029846063,1.9,0.2,0.2,0.5
0.0,28.0,-0.01810080725340192,1.5,0.5,0.1,0.8
1.0,28.0,0.0134496220735815,1.1,0.3,0.5,0.7
2.0,28.0,-0.012509736559850618,1.3,0.5,0.1,0.6
3.0,28.0,-0.014620557545361812,1.4,0.6,0.2,0.9
4.0,28.0,0.5925146076822404,2.5,0.9,0.3,0.6
5.0,28.0,0.01367832903261228,3.0,0.4,0.3,0.8
6.0,28.0,-0.015499659005974381,2.3,0.3,0.5,0.6
7.0,28.0,0.1316417330199761,2.1,0.8,0.4,0.9
8.0,28.0,0.03252242590730139,2.0,0.5,0.3,0.7
9.0,28.0,-0.01220146484636848,2.4,0.1,0.2,0.8
10.0,28.0,0.30725390898001104,2.9,0.7,0.2,0.7
11.0,28.0,0.1399663209119229,2.8,0.6,0.5,0.8
12.0,28.0,-0.0016456059577853303,2.6,0.4,0.4,0.5
13.0,28.0,-0.011944613073648021,1.5,0.2,0.3,0.9
14.0,28.0,0.06644436615749941,1.0,0.7,0.4,0.6
15.0,28.0,0.17269954399080073,1.8,0.8,0.1,0.8
16.0,28.0,-0.01500785058165045,1.9,0.2,0.2,0.5
0.0,29.0,-0.01035881525065559,1.5,0.5,0.1,0.8
1.0,29.0,0.028787064750587538,1.1,0.3,0.5,0.7
2.0,29.0,-0.007212085399996178,1.3,0.5,0.1,0.6
3.0,29.0,-0.01078113716635714,1.4,0.6,0.2,0.9
4.0,29.0,0.7074701667366539,2.5,0.9,0.3,0.6
5.0,29.0,-0.00927145829127799,3.0,0.4,0.3,0.8
6.0,29.0,-0.00690998934623806,2.3,0.3,0.5,0.6
7.0,29.0,0.04909852208167066,2.1,0.8,0.4,0.9
8.0,29.0,-0.01132083946655309,2.0,0.5,0.3,0.7
9.0,29.0,0.04311583885500335,2.4,0.1,0.2,0.8
10.0,29.0,0.23743888146540465,2.9,0.7,0.2,0.7
11.0,29.0,0.051052166258029094,2.8,0.6,0.5,0.8
12.0,29.0,0.004856834697609341,2.6,0.4,0.4,0.5
13.0,29.0,-0.00845319132261341,1.5,0.2,0.3,0.9
14.0,29.0,0.037114235022553524,1.0,0.7,0.4,0.6
15.0,29.0,0.12028811235484596,1.8,0.8,0.1,0.8
16.0,29.0,-0.008663820275476148,1.9,0.2,0.2,0.5
0.0,30.0,-0.0074964424495295905,1.5,0.5,0.1,0.8
1.0,30.0,-0.010199855256964969,1.1,0.3,0.5,0.7
2.0,30.0,-0.012517864383037971,1.3,0.5,0.1,0.6
3.0,30.0,-0.008550817896512141,1.4,0.6,0.2,0.9
4.0,30.0,0.5413399098228814,2.5,0.9,0.3,0.6
5.0,30.0,0.013185565850551648,3.0,0.4,0.3,0.8
6.0,30.0,-0.012319321578834188,2.3,0.3,0.5,0.6
7.0,30.0,0.28899248389243604,2.1,0.8,0.4,0.9
8.0,30.0,-0.01323278479087776,2.0,0.5,0.3,0.7
9.0,30.0,-0.006731734551470041,2.4,0.1,0.2,0.8
10.0,30.0,0.1874796523582036,2.9,0.7,0.2,0.7
11.0,30.0,0.03892790430827123,2.8,0.6,0.5,0.8
12.0,30.0,-0.00975918777738816,2.6,0.4,0.4,0.5
13.0,30.0,-0.01120462081052265,1.5,0.2,0.3,0.9
14.0,30.0,0.05018831417184686,1.0,0.7,0.4,0.6
15.0,30.0,0.02410742389065017,1.8,0.8,0.1,0.8
16.0,30.0,0.0030356815612066212,1.9,0.2,0.2,0.5
0.0,31.0,-0.01624707313595495,1.5,0.5,0.1,0.8
1.0,31.0,0.006630140755873791,1.1,0.3,0.5,0.7
2.0,31.0,-0.011365416057148438,1.3,0.5,0.1,0.6
3.0,31.0,-0.012350138545996658,1.4,0.6,0.2,0.9
4.0,31.0,0.712404614879425,2.5,0.9,0.3,0.6
5.0,31.0,-0.00898544948367573,3.0,0.4,0.3,0.8
6.0,31.0,-0.00569457771997854,2.3,0.3,0.5,0.6
7.0,31.0,0.1505355831947021,2.1,0.8,0.4,0.9
8.0,31.0,-0.014102509098992331,2.0,0.5,0.3,0.7
9.0,31.0,0.009691875406206307,2.4,0.1,0.2,0.8
10.0,31.0,0.31519796867885785,2.9,0.7,0.2,0.7
11.0,31.0,0.21770670041470536,2.8,0.6,0.5,0.8
12.0,31.0,-0.0033539775115380894,2.6,0.4,0.4,0.5
13.0,31.0,-0.010966206119787849,1.5,0.2,0.3,0.9
14.0,31.0,0.021923570503269492,1.0,0.7,0.4,0.6
15.0,31.0,0.05289422174337736,1.8,0.8,0.1,0.8
16.0,31.0,-0.014303337379694369,1.9,0.2,0.2,0.5
0.0,32.0,-0.015523912742914137,1.5,0.5,0.1,0.8
1.0,32.0,-0.00812745412896995,1.1,0.3,0.5,0.7
2.0,32.0,-0.01637944998651271,1.3,0.5,0.1,0.6
3.0,32.0,-0.01480245590525453,1.4,0.6,0.2,0.9
4.0,32.0,0.556855684178902,2.5,0.9,0.3,0.6
5.0,32.0,0.08375884775682492,3.0,0.4,0.3,0.8
6.0,32.0,-0.011238393986502079,2.3,0.3,0.5,0.6
7.0,32.0,0.06477377614531041,2.1,0.8,0.4,0.9
8.0,32.0,-0.01109830820995364,2.0,0.5,0.3,0.7
9.0,32.0,0.00019856331430102083,2.4,0.1,0.2,0.8
10.0,32.0,0.21043762146961592,2.9,0.7,0.2,0.7
11.0,32.0,0.052379495043775905,2.8,0.6,0.5,0.8
12.0,32.0,-0.00425964231034731,2.6,0.4,0.4,0.5
13.0,32.0,-0.01125530741845635,1.5,0.2,0.3,0.9
14.0,32.0,0.01763971988669609,1.0,0.7,0.4,0.6
15.0,32.0,0.1369210853794104,1.8,0.8,0.1,0.8
16.0,32.0,-0.01302674864716323,1.9,0.2,0.2,0.5
